CandidateValue,BaseName,BaseValue,N_multiple,Approx_N_times_Base,AbsError,RelError,Ratio,Ratio_p,Ratio_q,RatioApprox
-1980.2137929267717,GoldenRatio_phi,1.61803398875,-20,-32.360679775,1947.8531131517716,0.9836579868847541,-1223.8394290200115,-68535,56,-1223.8392857142858
-1980.2137929267717,PhiSquared,2.618033988750235,-20,-52.3606797750047,1927.853113151767,0.973558067334934,-756.3743639065824,-6051,8,-756.375
-1980.2137929267717,Pi,3.141592653589793,-20,-62.83185307179586,1917.3819398549758,0.9682701669404444,-630.3216270460931,-17649,28,-630.3214285714286
-1980.2137929267717,Euler_e,2.718281828459045,-20,-54.3656365691809,1925.8481563575908,0.972545572218832,-728.479943541883,-18212,25,-728.48
-1980.2137929267717,Sqrt2,1.4142135623730951,-20,-28.284271247461902,1951.9295216793098,0.9857165567937705,-1400.222601177654,-12602,9,-1400.2222222222222
-1980.2137929267717,Sqrt3,1.7320508075688772,-20,-34.64101615137754,1945.5727767753942,0.9825064261873574,-1143.2769663992815,-53734,47,-1143.276595744681
-1980.2137929267717,OneHalf,0.5,-20,-10.0,1970.2137929267717,0.994950040225091,-3960.4275858535434,-27723,7,-3960.4285714285716
-1980.2137929267717,One,1.0,-20,-20.0,1960.2137929267717,0.9899000804501822,-1980.2137929267717,-27723,14,-1980.2142857142858
-1980.2137929267717,ThreeHalves,1.5,-20,-30.0,1950.2137929267717,0.9848501206752732,-1320.1425286178478,-9241,7,-1320.142857142857
-1980.2137929267717,Two,2.0,-20,-40.0,1940.2137929267717,0.9798001609003644,-990.1068964633859,-27723,28,-990.1071428571429
-1980.2137929267717,Three,3.0,-20,-60.0,1920.2137929267717,0.9697002413505466,-660.0712643089239,-9241,14,-660.0714285714286
-1780.1196011008726,GoldenRatio_phi,1.61803398875,-20,-32.360679775,1747.7589213258725,0.9818210642953499,-1100.1744175201725,-69311,63,-1100.1746031746031
-1780.1196011008726,PhiSquared,2.618033988750235,-20,-52.3606797750047,1727.758921325868,0.9705858641505754,-679.9451835805403,-37397,55,-679.9454545454546
-1780.1196011008726,Pi,3.141592653589793,-20,-62.83185307179586,1717.2877480290767,0.9647035777635733,-566.6296676199536,-15299,27,-566.6296296296297
-1780.1196011008726,Euler_e,2.718281828459045,-20,-54.3656365691809,1725.7539645316917,0.9694595596073659,-654.8694040713199,-15062,23,-654.8695652173913
-1780.1196011008726,Sqrt2,1.4142135623730951,-20,-28.284271247461902,1751.8353298534107,0.9841110275792873,-1258.7346412615188,-61678,49,-1258.734693877551
-1780.1196011008726,Sqrt3,1.7320508075688772,-20,-34.64101615137754,1745.4785849494951,0.9805400625160497,-1027.752530885318,-62693,61,-1027.7540983606557
-1780.1196011008726,OneHalf,0.5,-20,-10.0,1770.1196011008726,0.994382399927614,-3560.2392022017452,-163771,46,-3560.2391304347825
-1780.1196011008726,One,1.0,-20,-20.0,1760.1196011008726,0.988764799855228,-1780.1196011008726,-44503,25,-1780.12
-1780.1196011008726,ThreeHalves,1.5,-20,-30.0,1750.1196011008726,0.983147199782842,-1186.7464007339152,-74765,63,-1186.7460317460318
-1780.1196011008726,Two,2.0,-20,-40.0,1740.1196011008726,0.977529599710456,-890.0598005504363,-44503,50,-890.06
-1780.1196011008726,Three,3.0,-20,-60.0,1720.1196011008726,0.966294399565684,-593.3732003669576,-35009,59,-593.3728813559322
-1647.0155412379765,GoldenRatio_phi,1.61803398875,-20,-32.360679775,1614.6548614629764,0.9803519280997942,-1017.9115844843075,-34609,34,-1017.9117647058823
-1647.0155412379765,PhiSquared,2.618033988750235,-20,-52.3606797750047,1594.654861462972,0.9682087518520633,-629.1039567535212,-30197,48,-629.1041666666666
-1647.0155412379765,Pi,3.141592653589793,-20,-62.83185307179586,1584.1836881661807,0.9618510867088914,-524.2613294743948,-12058,23,-524.2608695652174
-1647.0155412379765,Euler_e,2.718281828459045,-20,-54.3656365691809,1592.6499046687957,0.9669914246660253,-605.9031569113074,-18783,31,-605.9032258064516
-1647.0155412379765,Sqrt2,1.4142135623730951,-20,-28.284271247461902,1618.7312699905146,0.9828269554601762,-1164.615857929005,-15140,13,-1164.6153846153845
-1647.0155412379765,Sqrt3,1.7320508075688772,-20,-34.64101615137754,1612.374525086599,0.9789674017736715,-950.904866093243,-19969,21,-950.9047619047619
-1647.0155412379765,OneHalf,0.5,-20,-10.0,1637.0155412379765,0.993928411876136,-3294.031082475953,-105409,32,-3294.03125
-1647.0155412379765,One,1.0,-20,-20.0,1627.0155412379765,0.9878568237522719,-1647.0155412379765,-105409,64,-1647.015625
-1647.0155412379765,ThreeHalves,1.5,-20,-30.0,1617.0155412379765,0.9817852356284079,-1098.0103608253178,-70273,64,-1098.015625
-1647.0155412379765,Two,2.0,-20,-40.0,1607.0155412379765,0.9757136475045438,-823.5077706189883,-51881,63,-823.5079365079365
-1647.0155412379765,Three,3.0,-20,-60.0,1587.0155412379765,0.9635704712568157,-549.0051804126589,-549,1,-549.0
-1441.9659511005527,GoldenRatio_phi,1.61803398875,-20,-32.360679775,1409.6052713255526,0.9775579445892593,-891.1839684001526,-33865,38,-891.1842105263158
-1441.9659511005527,PhiSquared,2.618033988750235,-20,-52.3606797750047,1389.605271325548,0.9636879915680108,-550.7819827002708,-30293,55,-550.7818181818182
-1441.9659511005527,Pi,3.141592653589793,-20,-62.83185307179586,1379.1340980287569,0.9564262574828202,-458.9920177757184,-29375,64,-458.984375
-1441.9659511005527,Euler_e,2.718281828459045,-20,-54.3656365691809,1387.6003145313719,0.9622975587407682,-530.4696282791186,-25993,49,-530.469387755102
-1441.9659511005527,Sqrt2,1.4142135623730951,-20,-28.284271247461902,1413.6816798530908,0.9803849243278772,-1019.6239022633104,-62197,61,-1019.6229508196722
-1441.9659511005527,Sqrt3,1.7320508075688772,-20,-34.64101615137754,1407.3249349491753,0.9759765366686097,-832.5194300301789,-43291,52,-832.5192307692307
-1441.9659511005527,OneHalf,0.5,-20,-10.0,1431.9659511005527,0.9930650234893773,-2883.9319022011055,-126893,44,-2883.931818181818
-1441.9659511005527,One,1.0,-20,-20.0,1421.9659511005527,0.9861300469787547,-1441.9659511005527,-85076,59,-1441.9661016949153
-1441.9659511005527,ThreeHalves,1.5,-20,-30.0,1411.9659511005527,0.979195070468132,-961.3106340670352,-27878,29,-961.3103448275862
-1441.9659511005527,Two,2.0,-20,-40.0,1401.9659511005527,0.9722600939575093,-720.9829755502764,-42538,59,-720.9830508474577
-1441.9659511005527,Three,3.0,-20,-60.0,1381.9659511005527,0.9583901409362641,-480.6553170335176,-13939,29,-480.6551724137931
-1073.1450381632978,GoldenRatio_phi,1.61803398875,-20,-32.360679775,1040.7843583882977,0.969845008247547,-663.240108443178,-16581,25,-663.24
-1073.1450381632978,PhiSquared,2.618033988750235,-20,-52.3606797750047,1020.7843583882932,0.9512081984140554,-409.90492972002346,-8608,21,-409.9047619047619
-1073.1450381632978,Pi,3.141592653589793,-20,-62.83185307179586,1010.313185091502,0.9414507351407658,-341.59267495645906,-9223,27,-341.5925925925926
-1073.1450381632978,Euler_e,2.718281828459045,-20,-54.3656365691809,1018.779401594117,0.9493398984891843,-394.78799693542015,-13028,33,-394.7878787878788
-1073.1450381632978,Sqrt2,1.4142135623730951,-20,-28.284271247461902,1044.860766915836,0.9736435707741138,-758.8281336819642,-48565,64,-758.828125
-1073.1450381632978,Sqrt3,1.7320508075688772,-20,-34.64101615137754,1038.5040220119204,0.9677200984774006,-619.5805766630913,-19207,31,-619.5806451612904
-1073.1450381632978,OneHalf,0.5,-20,-10.0,1063.1450381632978,0.9906815950832563,-2146.2900763265957,-66535,31,-2146.2903225806454
-1073.1450381632978,One,1.0,-20,-20.0,1053.1450381632978,0.9813631901665125,-1073.1450381632978,-66535,62,-1073.1451612903227
-1073.1450381632978,ThreeHalves,1.5,-20,-30.0,1043.1450381632978,0.9720447852497689,-715.4300254421986,-41495,58,-715.4310344827586
-1073.1450381632978,Two,2.0,-20,-40.0,1033.1450381632978,0.9627263803330252,-536.5725190816489,-3756,7,-536.5714285714286
-1073.1450381632978,Three,3.0,-20,-60.0,1013.1450381632978,0.9440895704995377,-357.7150127210993,-2504,7,-357.7142857142857
-1011.5752087700648,GoldenRatio_phi,1.61803398875,-20,-32.360679775,979.2145289950648,0.9680096156030296,-625.1878611966301,-10003,16,-625.1875
-1011.5752087700648,PhiSquared,2.618033988750235,-20,-52.3606797750047,959.2145289950602,0.9482384707325242,-386.38734757334385,-11978,31,-386.38709677419354
-1011.5752087700648,Pi,3.141592653589793,-20,-62.83185307179586,948.7433556982689,0.9378871165217753,-321.9943895699436,-322,1,-322.0
-1011.5752087700648,Euler_e,2.718281828459045,-20,-54.3656365691809,957.2095722008839,0.9462564561706865,-372.1377225052166,-10792,29,-372.13793103448273
-1011.5752087700648,Sqrt2,1.4142135623730951,-20,-28.284271247461902,983.2909375226029,0.9720393787804946,-715.2916898015103,-17167,24,-715.2916666666666
-1011.5752087700648,Sqrt3,1.7320508075688772,-20,-34.64101615137754,976.9341926186872,0.9657553725604878,-584.0332190889488,-17521,30,-584.0333333333333
-1011.5752087700648,OneHalf,0.5,-20,-10.0,1001.5752087700648,0.9901144275647497,-2023.1504175401296,-40463,20,-2023.15
-1011.5752087700648,One,1.0,-20,-20.0,991.5752087700648,0.9802288551294992,-1011.5752087700648,-40463,40,-1011.575
-1011.5752087700648,ThreeHalves,1.5,-20,-30.0,981.5752087700648,0.9703432826942489,-674.3834725133765,-40463,60,-674.3833333333333
-1011.5752087700648,Two,2.0,-20,-40.0,971.5752087700648,0.9604577102589985,-505.7876043850324,-16691,33,-505.7878787878788
-1011.5752087700648,Three,3.0,-20,-60.0,951.5752087700648,0.9406865653884977,-337.1917362566883,-15848,47,-337.1914893617021
-980.6742716796182,GoldenRatio_phi,1.61803398875,-20,-32.360679775,948.3135919046182,0.967001602153205,-606.0900317905131,-33941,56,-606.0892857142857
-980.6742716796182,PhiSquared,2.618033988750235,-20,-52.3606797750047,928.3135919046135,0.9466074707095908,-374.58423988901706,-19853,53,-374.58490566037733
-980.6742716796182,Pi,3.141592653589793,-20,-62.83185307179586,917.8424186078223,0.9359299464804123,-312.15831580171107,-19666,63,-312.1587301587302
-980.6742716796182,Euler_e,2.718281828459045,-20,-54.3656365691809,926.3086351104373,0.9445630030896315,-360.76990303670914,-22007,61,-360.7704918032787
-980.6742716796182,Sqrt2,1.4142135623730951,-20,-28.284271247461902,952.3900004321563,0.9711583427196281,-693.4414276398365,-23577,34,-693.4411764705883
-980.6742716796182,Sqrt3,1.7320508075688772,-20,-34.64101615137754,946.0332555282406,0.9646763281634305,-566.1925547415677,-14721,26,-566.1923076923077
-980.6742716796182,OneHalf,0.5,-20,-10.0,970.6742716796182,0.9898029342781953,-1961.3485433592364,-84338,43,-1961.3488372093022
-980.6742716796182,One,1.0,-20,-20.0,960.6742716796182,0.9796058685563906,-980.6742716796182,-42169,43,-980.6744186046511
-980.6742716796182,ThreeHalves,1.5,-20,-30.0,950.6742716796182,0.969408802834586,-653.7828477864122,-15037,23,-653.7826086956521
-980.6742716796182,Two,2.0,-20,-40.0,940.6742716796182,0.9592117371127813,-490.3371358398091,-30401,62,-490.33870967741933
-980.6742716796182,Three,3.0,-20,-60.0,920.6742716796182,0.9388176056691719,-326.8914238932061,-15037,46,-326.89130434782606
-618.2455392766104,GoldenRatio_phi,1.61803398875,-20,-32.360679775,585.8848595016104,0.9476572369404166,-382.0967566659285,-11845,31,-382.0967741935484
-618.2455392766104,PhiSquared,2.618033988750235,-20,-52.3606797750047,565.8848595016058,0.9153076303045061,-236.14878261062643,-11099,47,-236.14893617021278
-618.2455392766104,Pi,3.141592653589793,-20,-62.83185307179586,555.4136862048146,0.8983707134461278,-196.79366724077417,-12398,63,-196.79365079365078
-618.2455392766104,Euler_e,2.718281828459045,-20,-54.3656365691809,563.8799027074296,0.912064652123827,-227.43982349581646,-5686,25,-227.44
-618.2455392766104,Sqrt2,1.4142135623730951,-20,-28.284271247461902,589.9612680291485,0.9542507475580715,-437.16561326082524,-2623,6,-437.1666666666667
-618.2455392766104,Sqrt3,1.7320508075688772,-20,-34.64101615137754,583.6045231252328,0.9439688377017488,-356.9442285266364,-6425,18,-356.94444444444446
-618.2455392766104,OneHalf,0.5,-20,-10.0,608.2455392766104,0.9838251966820486,-1236.4910785532209,-70480,57,-1236.4912280701753
-618.2455392766104,One,1.0,-20,-20.0,598.2455392766104,0.9676503933640971,-618.2455392766104,-35240,57,-618.2456140350877
-618.2455392766104,ThreeHalves,1.5,-20,-30.0,588.2455392766104,0.9514755900461457,-412.1636928510736,-22669,55,-412.1636363636364
-618.2455392766104,Two,2.0,-20,-40.0,578.2455392766104,0.9353007867281942,-309.1227696383052,-17620,57,-309.12280701754383
-618.2455392766104,Three,3.0,-20,-60.0,558.2455392766104,0.9029511800922914,-206.0818464255368,-12571,61,-206.08196721311475
-584.5484244582616,GoldenRatio_phi,1.61803398875,-20,-32.360679775,552.1877446832616,0.9446398648580899,-361.27079438538254,-17341,48,-361.2708333333333
-584.5484244582616,PhiSquared,2.618033988750235,-20,-52.3606797750047,532.1877446832569,0.9104254197185963,-223.27763007282658,-4019,18,-223.27777777777777
-584.5484244582616,Pi,3.141592653589793,-20,-62.83185307179586,521.7165713864657,0.8925121505031407,-186.06754245822341,-10978,59,-186.0677966101695
-584.5484244582616,Euler_e,2.718281828459045,-20,-54.3656365691809,530.1827878890807,0.9069954955065271,-215.04334772735234,-4946,23,-215.04347826086956
-584.5484244582616,Sqrt2,1.4142135623730951,-20,-28.284271247461902,556.2641532107997,0.951613467654669,-413.33815486634904,-25627,62,-413.33870967741933
-584.5484244582616,Sqrt3,1.7320508075688772,-20,-34.64101615137754,549.907408306884,0.9407388426656327,-337.48919021534897,-15862,47,-337.48936170212767
-584.5484244582616,OneHalf,0.5,-20,-10.0,574.5484244582616,0.9828927774302572,-1169.0968489165232,-36242,31,-1169.0967741935483
-584.5484244582616,One,1.0,-20,-20.0,564.5484244582616,0.9657855548605143,-584.5484244582616,-18121,31,-584.5483870967741
-584.5484244582616,ThreeHalves,1.5,-20,-30.0,554.5484244582616,0.9486783322907715,-389.69894963884104,-24551,63,-389.6984126984127
-584.5484244582616,Two,2.0,-20,-40.0,544.5484244582616,0.9315711097210285,-292.2742122291308,-18121,62,-292.2741935483871
-584.5484244582616,Three,3.0,-20,-60.0,524.5484244582616,0.8973566645815428,-194.84947481942052,-10327,53,-194.8490566037736
-518.62890439761,GoldenRatio_phi,1.61803398875,-20,-32.360679775,486.26822462261,0.937603401004834,-320.53029046582196,-15706,49,-320.53061224489795
-518.62890439761,PhiSquared,2.618033988750235,-20,-52.3606797750047,466.26822462260526,0.8990401820434172,-198.09861393174145,-12084,61,-198.0983606557377
-518.62890439761,Pi,3.141592653589793,-20,-62.83185307179586,455.7970513258141,0.878850074612067,-165.0847075304273,-9740,59,-165.08474576271186
-518.62890439761,Euler_e,2.718281828459045,-20,-54.3656365691809,464.2632678284291,0.8951743026503183,-190.79291152515015,-5533,29,-190.79310344827587
-518.62890439761,Sqrt2,1.4142135623730951,-20,-28.284271247461902,490.34463315014807,0.945463372736014,-366.72601521889965,-22737,62,-366.7258064516129
-518.62890439761,Sqrt3,1.7320508075688772,-20,-34.64101615137754,483.98788824623244,0.9332065454554385,-299.4305375634808,-17367,58,-299.4310344827586
-518.62890439761,OneHalf,0.5,-20,-10.0,508.62890439761,0.9807183905192962,-1037.25780879522,-32155,31,-1037.258064516129
-518.62890439761,One,1.0,-20,-20.0,498.62890439761,0.9614367810385923,-518.62890439761,-32155,62,-518.6290322580645
-518.62890439761,ThreeHalves,1.5,-20,-30.0,488.62890439761,0.9421551715578885,-345.75260293174,-21091,61,-345.75409836065575
-518.62890439761,Two,2.0,-20,-40.0,478.62890439761,0.9228735620771846,-259.314452198805,-9076,35,-259.3142857142857
-518.62890439761,Three,3.0,-20,-60.0,458.62890439761,0.8843103431157769,-172.87630146587,-9854,57,-172.87719298245614
-349.79669694269256,GoldenRatio_phi,1.61803398875,-20,-32.360679775,317.43601716769257,0.9074871773866359,-216.1862478630164,-12755,59,-216.1864406779661
-349.79669694269256,PhiSquared,2.618033988750235,-20,-52.3606797750047,297.43601716768785,0.8503111086163773,-133.61044907964478,-7883,59,-133.61016949152543
-349.79669694269256,Pi,3.141592653589793,-20,-62.83185307179586,286.9648438708967,0.820376082390253,-111.3437467912944,-3563,32,-111.34375
-349.79669694269256,Euler_e,2.718281828459045,-20,-54.3656365691809,295.4310603735117,0.8445793312391179,-128.68301339489412,-5276,41,-128.6829268292683
-349.79669694269256,Sqrt2,1.4142135623730951,-20,-28.284271247461902,321.51242569523066,0.9191408281019425,-247.34361644483357,-7915,32,-247.34375
-349.79669694269256,Sqrt3,1.7320508075688772,-20,-34.64101615137754,315.15568079131504,0.9009681439128833,-201.9552171415055,-9088,45,-201.95555555555555
-349.79669694269256,OneHalf,0.5,-20,-10.0,339.79669694269256,0.9714119656148774,-699.5933938853851,-41276,59,-699.5932203389831
-349.79669694269256,One,1.0,-20,-20.0,329.79669694269256,0.9428239312297548,-349.79669694269256,-20638,59,-349.79661016949154
-349.79669694269256,ThreeHalves,1.5,-20,-30.0,319.79669694269256,0.9142358968446322,-233.19779796179503,-14225,61,-233.19672131147541
-349.79669694269256,Two,2.0,-20,-40.0,309.79669694269256,0.8856478624595097,-174.89834847134628,-10319,59,-174.89830508474577
-349.79669694269256,Three,3.0,-20,-60.0,289.79669694269256,0.8284717936892645,-116.59889898089752,-583,5,-116.6
-260.73885459873185,GoldenRatio_phi,1.61803398875,-20,-32.360679775,228.37817482373185,0.875888540567527,-161.14547432972265,-8863,55,-161.14545454545456
-260.73885459873185,PhiSquared,2.618033988750235,-20,-52.3606797750047,208.37817482372714,0.7991834402448917,-99.5933802689858,-5876,59,-99.59322033898304
-260.73885459873185,Pi,3.141592653589793,-20,-62.83185307179586,197.90700152693597,0.7590238203335979,-82.99575513101428,-83,1,-83.0
-260.73885459873185,Euler_e,2.718281828459045,-20,-54.3656365691809,206.37321802955094,0.7914939196429018,-95.92046412146343,-6043,63,-95.92063492063492
-260.73885459873185,Sqrt2,1.4142135623730951,-20,-28.284271247461902,232.45458335126995,0.891522606820566,-184.3702122055765,-4978,27,-184.37037037037038
-260.73885459873185,Sqrt3,1.7320508075688772,-20,-34.64101615137754,226.09783844735432,0.8671428690415593,-150.53764789077255,-8129,54,-150.53703703703704
-260.73885459873185,OneHalf,0.5,-20,-10.0,250.73885459873185,0.9616474498386914,-521.4777091974637,-22945,44,-521.4772727272727
-260.73885459873185,One,1.0,-20,-20.0,240.73885459873185,0.9232948996773829,-260.73885459873185,-5997,23,-260.7391304347826
-260.73885459873185,ThreeHalves,1.5,-20,-30.0,230.73885459873185,0.8849423495160743,-173.82590306582122,-3998,23,-173.82608695652175
-260.73885459873185,Two,2.0,-20,-40.0,220.73885459873185,0.8465897993547657,-130.36942729936592,-5997,46,-130.3695652173913
-260.73885459873185,Three,3.0,-20,-60.0,200.73885459873185,0.7698846990321487,-86.91295153291061,-1999,23,-86.91304347826087
-166.1251741528758,GoldenRatio_phi,1.61803398875,-20,-32.360679775,133.7644943778758,0.8052030347596791,-102.67100401346609,-6571,64,-102.671875
-166.1251741528758,PhiSquared,2.618033988750235,-20,-52.3606797750047,113.76449437787109,0.6848118893358085,-63.45417013939478,-698,11,-63.45454545454545
-166.1251741528758,Pi,3.141592653589793,-20,-62.83185307179586,103.29332108107992,0.6217800619791966,-52.879285276864294,-3067,58,-52.87931034482759
-166.1251741528758,Euler_e,2.718281828459045,-20,-54.3656365691809,111.75953758369488,0.6727429370869991,-61.11403623186848,-2139,35,-61.114285714285714
-166.1251741528758,Sqrt2,1.4142135623730951,-20,-28.284271247461902,137.84090290541388,0.8297412093519706,-117.46823716929462,-5521,47,-117.46808510638297
-166.1251741528758,Sqrt3,1.7320508075688772,-20,-34.64101615137754,131.48415800149826,0.7914764193444919,-95.9124140163363,-5467,57,-95.91228070175438
-166.1251741528758,OneHalf,0.5,-20,-10.0,156.1251741528758,0.9398044272880789,-332.2503483057516,-1329,4,-332.25
-166.1251741528758,One,1.0,-20,-20.0,146.1251741528758,0.8796088545761577,-166.1251741528758,-1329,8,-166.125
-166.1251741528758,ThreeHalves,1.5,-20,-30.0,136.1251741528758,0.8194132818642366,-110.75011610191719,-443,4,-110.75
-166.1251741528758,Two,2.0,-20,-40.0,126.12517415287579,0.7592177091523153,-83.0625870764379,-1329,16,-83.0625
-166.1251741528758,Three,3.0,-20,-60.0,106.12517415287579,0.638826563728473,-55.37505805095859,-443,8,-55.375
-50.90097487078572,GoldenRatio_phi,1.61803398875,-20,-32.360679775,18.540295095785716,0.3642424362765358,-31.458532530647815,-755,24,-31.458333333333332
-50.90097487078572,PhiSquared,2.618033988750235,-19,-49.742645786254464,1.1583290845312533,0.022756520626013958,-19.44244234013333,-1011,52,-19.442307692307693
-50.90097487078572,Pi,3.141592653589793,-16,-50.26548245743669,0.6354924133490272,0.01248487705711436,-16.202283517763792,-1037,64,-16.203125
-50.90097487078572,Euler_e,2.718281828459045,-19,-51.64735474072186,0.7463798699361419,0.014663370826017751,-18.72542219054628,-955,51,-18.725490196078432
-50.90097487078572,Sqrt2,1.4142135623730951,-20,-28.284271247461902,22.616703623323815,0.4443275139766434,-35.992424500138625,-36,1,-36.0
-50.90097487078572,Sqrt3,1.7320508075688772,-20,-34.64101615137754,16.259958719408175,0.3194429725694797,-29.387691543662513,-1440,49,-29.387755102040817
-50.90097487078572,OneHalf,0.5,-20,-10.0,40.90097487078572,0.8035401085070487,-101.80194974157143,-6210,61,-101.80327868852459
-50.90097487078572,One,1.0,-20,-20.0,30.900974870785717,0.6070802170140975,-50.90097487078572,-3105,61,-50.90163934426229
-50.90097487078572,ThreeHalves,1.5,-20,-30.0,20.900974870785717,0.41062032552114625,-33.933983247190476,-2070,61,-33.9344262295082
-50.90097487078572,Two,2.0,-20,-40.0,10.900974870785717,0.214160434028195,-25.45048743539286,-509,20,-25.45
-50.90097487078572,Three,3.0,-17,-51.0,0.09902512921428297,0.0019454466140513508,-16.966991623595238,-1035,61,-16.9672131147541
-37.95430259557564,GoldenRatio_phi,1.61803398875,-20,-32.360679775,5.593622820575639,0.14737783170932753,-23.457049023362575,-821,35,-23.457142857142856
-37.95430259557564,PhiSquared,2.618033988750235,-14,-36.65247584250329,1.3018267530723477,0.034299846500778615,-14.497253572209656,-29,2,-14.5
-37.95430259557564,Pi,3.141592653589793,-12,-37.69911184307752,0.2551907524981232,0.0067236317109373245,-12.081229739382833,-447,37,-12.08108108108108
-37.95430259557564,Euler_e,2.718281828459045,-14,-38.05594559842663,0.10164300285099159,0.0026780363726888815,-13.96260762891219,-740,53,-13.962264150943396
-37.95430259557564,Sqrt2,1.4142135623730951,-20,-28.284271247461902,9.670031348113739,0.2547808993134017,-26.837744740537715,-993,37,-26.83783783783784
-37.95430259557564,Sqrt3,1.7320508075688772,-20,-34.64101615137754,3.3132864441980985,0.08729672837103666,-21.912926820460108,-504,23,-21.91304347826087
-37.95430259557564,OneHalf,0.5,-20,-10.0,27.95430259557564,0.736525260217383,-75.90860519115128,-835,11,-75.9090909090909
-37.95430259557564,One,1.0,-20,-20.0,17.95430259557564,0.4730505204347658,-37.95430259557564,-835,22,-37.95454545454545
-37.95430259557564,ThreeHalves,1.5,-20,-30.0,7.954302595575641,0.20957578065214874,-25.30286839705043,-835,33,-25.303030303030305
-37.95430259557564,Two,2.0,-19,-38.0,0.045697404424359434,0.0012040111739449117,-18.97715129778782,-835,44,-18.977272727272727
-37.95430259557564,Three,3.0,-13,-39.0,1.0456974044243594,0.02755148515220662,-12.651434198525214,-544,43,-12.651162790697674
0.3842932121655978,GoldenRatio_phi,1.61803398875,1,1.61803398875,1.2337407765844022,3.210415218192208,0.23750626676419861,14,59,0.23728813559322035
0.3842932121655978,PhiSquared,2.618033988750235,1,2.618033988750235,2.233740776584637,5.81259492978524,0.1467869454013647,5,34,0.14705882352941177
0.3842932121655978,Pi,3.141592653589793,1,3.141592653589793,2.757299441424195,7.1749886652591535,0.12232432862563476,6,49,0.12244897959183673
0.3842932121655978,Euler_e,2.718281828459045,1,2.718281828459045,2.333988616293447,6.073457824406474,0.14137357213745866,9,64,0.140625
0.3842932121655978,Sqrt2,1.4142135623730951,1,1.4142135623730951,1.0299203502074974,2.68003783986611,0.2717363362862548,16,59,0.2711864406779661
0.3842932121655978,Sqrt3,1.7320508075688772,1,1.7320508075688772,1.3477575954032794,3.5071074709029992,0.22187178949155387,2,9,0.2222222222222222
0.3842932121655978,OneHalf,0.5,1,0.5,0.11570678783440219,0.30108985579621006,0.7685864243311956,10,13,0.7692307692307693
0.3842932121655978,One,1.0,1,1.0,0.6157067878344022,1.6021797115924201,0.3842932121655978,5,13,0.38461538461538464
0.3842932121655978,ThreeHalves,1.5,1,1.5,1.1157067878344022,2.90326956738863,0.2561954747770652,10,39,0.2564102564102564
0.3842932121655978,Two,2.0,1,2.0,1.6157067878344022,4.20435942318484,0.1921466060827989,5,26,0.19230769230769232
0.3842932121655978,Three,3.0,1,3.0,2.615706787834402,6.8065391347772595,0.1280977373885326,5,39,0.1282051282051282
0.5661501669645915,GoldenRatio_phi,1.61803398875,1,1.61803398875,1.0518838217854083,1.8579590419006196,0.3499000459205227,7,20,0.35
0.5661501669645915,PhiSquared,2.618033988750235,1,2.618033988750235,2.0518838217856437,3.6242748682505885,0.21625012104401797,8,37,0.21621621621621623
0.5661501669645915,Pi,3.141592653589793,1,3.141592653589793,2.5754424866252017,4.549044823979141,0.1802111952094332,11,61,0.18032786885245902
0.5661501669645915,Euler_e,2.718281828459045,1,2.718281828459045,2.1521316614944537,3.8013442140856126,0.2082750070420527,5,24,0.20833333333333334
0.5661501669645915,Sqrt2,1.4142135623730951,1,1.4142135623730951,0.8480633954085036,1.497947797057779,0.40032862223055876,2,5,0.4
0.5661501669645915,Sqrt3,1.7320508075688772,1,1.7320508075688772,1.1659006406042858,2.0593487534504327,0.32686695129875853,17,52,0.3269230769230769
0.5661501669645915,OneHalf,0.5,1,0.5,0.06615016696459153,0.1168420868252234,1.132300333929183,60,53,1.1320754716981132
0.5661501669645915,One,1.0,1,1.0,0.43384983303540847,0.7663158263495532,0.5661501669645915,30,53,0.5660377358490566
0.5661501669645915,ThreeHalves,1.5,1,1.5,0.9338498330354085,1.6494737395243297,0.377433444643061,20,53,0.37735849056603776
0.5661501669645915,Two,2.0,1,2.0,1.4338498330354086,2.5326316526991066,0.28307508348229576,15,53,0.2830188679245283
0.5661501669645915,Three,3.0,1,3.0,2.4338498330354086,4.2989474790486595,0.1887167223215305,10,53,0.18867924528301888
0.5707319948838827,GoldenRatio_phi,1.61803398875,1,1.61803398875,1.0473019938661172,1.8350153894547199,0.3527317713052477,6,17,0.35294117647058826
0.5707319948838827,PhiSquared,2.618033988750235,1,2.618033988750235,2.0473019938663524,3.5871512587670553,0.21800022357858376,12,55,0.21818181818181817
0.5707319948838827,Pi,3.141592653589793,1,3.141592653589793,2.5708606587059104,4.504497175121504,0.1816696363329365,2,11,0.18181818181818182
0.5707319948838827,Euler_e,2.718281828459045,1,2.718281828459045,2.1475498335751624,3.762799094541893,0.20996056733654525,13,62,0.20967741935483872
0.5707319948838827,Sqrt2,1.4142135623730951,1,1.4142135623730951,0.8434815674892124,1.4778943095012949,0.4035684638225194,23,57,0.40350877192982454
0.5707319948838827,Sqrt3,1.7320508075688772,1,1.7320508075688772,1.1613188126849945,2.0347883474121136,0.32951227088134183,21,64,0.328125
0.5707319948838827,OneHalf,0.5,1,0.5,0.07073199488388271,0.12393206534403835,1.1414639897677654,73,64,1.140625
0.5707319948838827,One,1.0,1,1.0,0.4292680051161173,0.7521358693119233,0.5707319948838827,4,7,0.5714285714285714
0.5707319948838827,ThreeHalves,1.5,1,1.5,0.9292680051161173,1.628203803967885,0.38048799658925514,8,21,0.38095238095238093
0.5707319948838827,Two,2.0,1,2.0,1.4292680051161173,2.5042717386238467,0.28536599744194135,2,7,0.2857142857142857
0.5707319948838827,Three,3.0,1,3.0,2.4292680051161173,4.2564076079357696,0.19024399829462757,4,21,0.19047619047619047
0.6688169764944754,GoldenRatio_phi,1.61803398875,1,1.61803398875,0.9492170122555246,1.419247784694002,0.4133516237264984,19,46,0.41304347826086957
0.6688169764944754,PhiSquared,2.618033988750235,1,2.618033988750235,1.9492170122557597,2.9144251428430374,0.2554653527679169,12,47,0.2553191489361702
0.6688169764944754,Pi,3.141592653589793,1,3.141592653589793,2.472775677095318,3.6972382041737,0.21289105566574346,10,47,0.2127659574468085
0.6688169764944754,Euler_e,2.718281828459045,1,2.718281828459045,2.0494648519645695,3.0643134429789685,0.2460440155587613,15,61,0.2459016393442623
0.6688169764944754,Sqrt2,1.4142135623730951,1,1.4142135623730951,0.7453965858786198,1.1145000980470432,0.4729250194519273,26,55,0.4727272727272727
0.6688169764944754,Sqrt3,1.7320508075688772,1,1.7320508075688772,1.0632338310744018,1.5897231506401281,0.386141661417677,22,57,0.38596491228070173
0.6688169764944754,OneHalf,0.5,1,0.5,0.16881697649447536,0.2524113209256581,1.3376339529889507,83,62,1.3387096774193548
0.6688169764944754,One,1.0,1,1.0,0.33118302350552464,0.4951773581486838,0.6688169764944754,2,3,0.6666666666666666
0.6688169764944754,ThreeHalves,1.5,1,1.5,0.8311830235055246,1.2427660372230256,0.44587798432965026,25,56,0.44642857142857145
0.6688169764944754,Two,2.0,1,2.0,1.3311830235055246,1.9903547162973676,0.3344084882472377,1,3,0.3333333333333333
0.6688169764944754,Three,3.0,1,3.0,2.331183023505525,3.4855320744460516,0.22293899216482513,2,9,0.2222222222222222
9.55453485136968,GoldenRatio_phi,1.61803398875,6,9.7082039325,0.15366908113031919,0.016083366016325755,5.905027284841504,124,21,5.904761904761905
9.55453485136968,PhiSquared,2.618033988750235,4,10.47213595500094,0.9176011036312595,0.09603828107861448,3.649507566527319,208,57,3.6491228070175437
9.55453485136968,Pi,3.141592653589793,3,9.42477796076938,0.1297568906003015,0.013580660138750797,3.0413029010785446,73,24,3.0416666666666665
9.55453485136968,Euler_e,2.718281828459045,4,10.87312731383618,1.3185924624664995,0.1380069760567647,3.514916941774948,116,33,3.515151515151515
9.55453485136968,Sqrt2,1.4142135623730951,7,9.899494936611665,0.3449600852419845,0.03610433062500506,6.756076384486703,277,41,6.7560975609756095
9.55453485136968,Sqrt3,1.7320508075688772,6,10.392304845413264,0.8377699940435832,0.0876829701367917,5.516313268419947,171,31,5.516129032258065
9.55453485136968,OneHalf,0.5,19,9.5,0.05453485136968084,0.0057077452977067795,19.10906970273936,1051,55,19.10909090909091
9.55453485136968,One,1.0,10,10.0,0.44546514863031916,0.04662342600241392,9.55453485136968,535,56,9.553571428571429
9.55453485136968,ThreeHalves,1.5,6,9.0,0.5545348513696808,0.05803891659782748,6.36968990091312,293,46,6.369565217391305
9.55453485136968,Two,2.0,5,10.0,0.44546514863031916,0.04662342600241392,4.77726742568484,43,9,4.777777777777778
9.55453485136968,Three,3.0,3,9.0,0.5545348513696808,0.05803891659782748,3.18484495045656,86,27,3.185185185185185
53.09549307709891,GoldenRatio_phi,1.61803398875,20,32.360679775,20.734813302098907,0.39051927198397607,32.814819371079736,886,27,32.81481481481482
53.09549307709891,PhiSquared,2.618033988750235,20,52.3606797750047,0.73481330209421,0.013839466581979045,20.280673706014404,1156,57,20.280701754385966
53.09549307709891,Pi,3.141592653589793,17,53.40707511102649,0.31158203392757855,0.005868332995328558,16.9008203582436,1031,61,16.901639344262296
53.09549307709891,Euler_e,2.718281828459045,20,54.3656365691809,1.270143492081992,0.02392187017149727,19.53274032192533,1211,62,19.532258064516128
53.09549307709891,Sqrt2,1.4142135623730951,20,28.284271247461902,24.811221829637006,0.4672943105285627,37.544183205260026,2140,57,37.54385964912281
53.09549307709891,Sqrt3,1.7320508075688772,20,34.64101615137754,18.454476925721366,0.3475714388587368,30.654697220818967,1686,55,30.654545454545456
53.09549307709891,OneHalf,0.5,20,10.0,43.09549307709891,0.8116600972990458,106.19098615419782,4991,47,106.19148936170212
53.09549307709891,One,1.0,20,20.0,33.09549307709891,0.6233201945980914,53.09549307709891,1115,21,53.095238095238095
53.09549307709891,ThreeHalves,1.5,20,30.0,23.095493077098908,0.43498029189713716,35.396995384732605,2230,63,35.3968253968254
53.09549307709891,Two,2.0,20,40.0,13.095493077098908,0.24664038919618286,26.547746538549454,1115,42,26.547619047619047
53.09549307709891,Three,3.0,18,54.0,0.904506922901092,0.017035474585153122,17.698497692366303,1115,63,17.6984126984127
65.70145879580446,GoldenRatio_phi,1.61803398875,20,32.360679775,33.340779020804455,0.5074587327569889,40.60573464625526,1340,33,40.60606060606061
65.70145879580446,PhiSquared,2.618033988750235,20,52.3606797750047,13.340779020799758,0.2030514887388112,25.095724149543305,1305,52,25.096153846153847
65.70145879580446,Pi,3.141592653589793,20,62.83185307179586,2.8696057240085935,0.043676438493201915,20.91342387140153,1213,58,20.913793103448278
65.70145879580446,Euler_e,2.718281828459045,20,54.3656365691809,11.335822226623556,0.17253532013428347,24.17021594594909,1136,47,24.170212765957448
65.70145879580446,Sqrt2,1.4142135623730951,20,28.284271247461902,37.417187548342554,0.569503147024978,46.457947048361866,2741,59,46.45762711864407
65.70145879580446,Sqrt3,1.7320508075688772,20,34.64101615137754,31.060442644426914,0.47275118716862286,37.93275492190881,2238,59,37.932203389830505
65.70145879580446,OneHalf,0.5,20,10.0,55.701458795804456,0.8477963779909469,131.4029175916089,8147,62,131.40322580645162
65.70145879580446,One,1.0,20,20.0,45.701458795804456,0.6955927559818937,65.70145879580446,3745,57,65.70175438596492
65.70145879580446,ThreeHalves,1.5,20,30.0,35.701458795804456,0.5433891339728406,43.800972530536306,219,5,43.8
65.70145879580446,Two,2.0,20,40.0,25.701458795804456,0.3911855119637875,32.85072939790223,1544,47,32.851063829787236
65.70145879580446,Three,3.0,20,60.0,5.701458795804456,0.08677826794568126,21.900486265268153,219,10,21.9
69.5851805812399,GoldenRatio_phi,1.61803398875,20,32.360679775,37.224500806239895,0.5349486844081797,43.006006712502625,43,1,43.0
69.5851805812399,PhiSquared,2.618033988750235,20,52.3606797750047,17.2245008062352,0.24753116485953203,26.579173868731022,505,19,26.57894736842105
69.5851805812399,Pi,3.141592653589793,20,62.83185307179586,6.753327509444034,0.09705123207317976,22.149650910892994,443,20,22.15
69.5851805812399,Euler_e,2.718281828459045,20,54.3656365691809,15.219544012058996,0.21871817943032215,25.598957346040436,128,5,25.6
69.5851805812399,Sqrt2,1.4142135623730951,20,28.284271247461902,41.300909333777994,0.5935302457907637,49.20415305908519,2411,49,49.204081632653065
69.5851805812399,Sqrt3,1.7320508075688772,20,34.64101615137754,34.944164429862354,0.5021782531564382,40.17502274018758,1607,40,40.175
69.5851805812399,OneHalf,0.5,20,10.0,59.5851805812399,0.8562912402257099,139.1703611624798,6541,47,139.17021276595744
69.5851805812399,One,1.0,20,20.0,49.5851805812399,0.7125824804514198,69.5851805812399,2853,41,69.58536585365853
69.5851805812399,ThreeHalves,1.5,20,30.0,39.5851805812399,0.5688737206771297,46.39012038749326,1902,41,46.390243902439025
69.5851805812399,Two,2.0,20,40.0,29.585180581239896,0.4251649609028396,34.79259029061995,1844,53,34.79245283018868
69.5851805812399,Three,3.0,20,60.0,9.585180581239896,0.13774744135425945,23.19506019374663,951,41,23.195121951219512
69.69224118663647,GoldenRatio_phi,1.61803398875,20,32.360679775,37.331561411636464,0.5356630921319089,43.07217380549384,2369,55,43.07272727272727
69.69224118663647,PhiSquared,2.618033988750235,20,52.3606797750047,17.331561411631768,0.24868710083835138,26.620067381136366,1331,50,26.62
69.69224118663647,Pi,3.141592653589793,20,62.83185307179586,6.860388114840603,0.098438333995723,22.183729360011544,1087,49,22.183673469387756
69.69224118663647,Euler_e,2.718281828459045,20,54.3656365691809,15.326604617455565,0.2199183776628847,25.6383427417252,1205,47,25.638297872340427
69.69224118663647,Sqrt2,1.4142135623730951,20,28.284271247461902,41.40796993917456,0.594154661037283,49.279856339159046,1232,25,49.28
69.69224118663647,Sqrt3,1.7320508075688772,20,34.64101615137754,35.05122503525892,0.5029430025272313,40.23683420953289,1529,38,40.23684210526316
69.69224118663647,OneHalf,0.5,20,10.0,59.692241186636465,0.8565120043532549,139.38448237327293,1812,13,139.3846153846154
69.69224118663647,One,1.0,20,20.0,49.692241186636465,0.7130240087065098,69.69224118663647,906,13,69.6923076923077
69.69224118663647,ThreeHalves,1.5,20,30.0,39.692241186636465,0.5695360130597649,46.46149412442431,604,13,46.46153846153846
69.69224118663647,Two,2.0,20,40.0,29.692241186636465,0.42604801741301973,34.84612059331823,453,13,34.84615384615385
69.69224118663647,Three,3.0,20,60.0,9.692241186636465,0.13907202611952962,23.230747062212156,302,13,23.23076923076923
141.99400111382175,GoldenRatio_phi,1.61803398875,20,32.360679775,109.63332133882176,0.7720982610451281,87.75711888692658,3247,37,87.75675675675676
141.99400111382175,PhiSquared,2.618033988750235,20,52.3606797750047,89.63332133881705,0.6312472402757874,54.236882226882436,2061,38,54.23684210526316
141.99400111382175,Pi,3.141592653589793,20,62.83185307179586,79.16214804202589,0.5575034679005197,45.19809433332165,2757,61,45.19672131147541
141.99400111382175,Euler_e,2.718281828459045,20,54.3656365691809,87.62836454464085,0.6171272297228835,52.23667377944991,1985,38,52.23684210526316
141.99400111382175,Sqrt2,1.4142135623730951,20,28.284271247461902,113.70972986635985,0.8008065761539507,100.40492107539353,4217,42,100.4047619047619
141.99400111382175,Sqrt3,1.7320508075688772,20,34.64101615137754,107.35298496244421,0.75603887572962,81.98027476637701,4181,51,81.98039215686275
141.99400111382175,OneHalf,0.5,20,10.0,131.99400111382175,0.9295744896153462,283.9880022276435,18175,64,283.984375
141.99400111382175,One,1.0,20,20.0,121.99400111382175,0.8591489792306923,141.99400111382175,142,1,142.0
141.99400111382175,ThreeHalves,1.5,20,30.0,111.99400111382175,0.7887234688460385,94.6626674092145,5869,62,94.66129032258064
141.99400111382175,Two,2.0,20,40.0,101.99400111382175,0.7182979584613847,70.99700055691088,71,1,71.0
141.99400111382175,Three,3.0,20,60.0,81.99400111382175,0.5774469376920771,47.33133370460725,142,3,47.333333333333336
827.1242974054827,GoldenRatio_phi,1.61803398875,20,32.360679775,794.7636176304827,0.9608756750629758,511.1909287174316,10735,21,511.1904761904762
827.1242974054827,PhiSquared,2.618033988750235,20,52.3606797750047,774.763617630478,0.9366955124649956,315.9333686879769,4739,15,315.93333333333334
827.1242974054827,Pi,3.141592653589793,20,62.83185307179586,764.2924443336868,0.9240357788195965,263.28184096698703,10268,39,263.28205128205127
827.1242974054827,Euler_e,2.718281828459045,20,54.3656365691809,772.7586608363018,0.9342715034007408,304.28202430885085,11867,39,304.28205128205127
827.1242974054827,Sqrt2,1.4142135623730951,20,28.284271247461902,798.8400261580208,0.9658040861135578,584.8651995795755,30413,52,584.8653846153846
827.1242974054827,Sqrt3,1.7320508075688772,20,34.64101615137754,792.4832812541051,0.9581187298450314,477.5404357603355,17669,37,477.5405405405405
827.1242974054827,OneHalf,0.5,20,10.0,817.1242974054827,0.9879099187010127,1654.2485948109654,6617,4,1654.25
827.1242974054827,One,1.0,20,20.0,807.1242974054827,0.9758198374020255,827.1242974054827,6617,8,827.125
827.1242974054827,ThreeHalves,1.5,20,30.0,797.1242974054827,0.9637297561030382,551.4161982703218,6617,12,551.4166666666666
827.1242974054827,Two,2.0,20,40.0,787.1242974054827,0.951639674804051,413.56214870274135,6617,16,413.5625
827.1242974054827,Three,3.0,20,60.0,767.1242974054827,0.9274595122060765,275.7080991351609,6617,24,275.7083333333333
3574.884205322977,GoldenRatio_phi,1.61803398875,20,32.360679775,3542.523525547977,0.9909477683985358,2209.399944734614,11047,5,2209.4
3574.884205322977,PhiSquared,2.618033988750235,20,52.3606797750047,3522.523525547972,0.985353181594794,1365.484260588042,87391,64,1365.484375
3574.884205322977,Pi,3.141592653589793,20,62.83185307179586,3512.052352251181,0.9824240871974987,1137.9209845165879,43241,38,1137.921052631579
3574.884205322977,Euler_e,2.718281828459045,20,54.3656365691809,3520.518568753796,0.9847923363536556,1315.1264037068324,82853,63,1315.126984126984
3574.884205322977,Sqrt2,1.4142135623730951,20,28.284271247461902,3546.599934075515,0.9920880594662768,2527.824863540559,101113,40,2527.825
3574.884205322977,Sqrt3,1.7320508075688772,20,34.64101615137754,3540.243189171599,0.9903098914085672,2063.960358264962,51599,25,2063.96
3574.884205322977,OneHalf,0.5,20,10.0,3564.884205322977,0.9972027065981298,7149.768410645954,400387,56,7149.767857142857
3574.884205322977,One,1.0,20,20.0,3554.884205322977,0.9944054131962595,3574.884205322977,92947,26,3574.8846153846152
3574.884205322977,ThreeHalves,1.5,20,30.0,3544.884205322977,0.9916081197943893,2383.2561368819847,92947,39,2383.25641025641
3574.884205322977,Two,2.0,20,40.0,3534.884205322977,0.9888108263925192,1787.4421026614884,92947,52,1787.4423076923076
3574.884205322977,Three,3.0,20,60.0,3514.884205322977,0.9832162395887787,1191.6280684409924,51240,43,1191.6279069767443
