BinIndex,BinCenter,ObsCount,ExpCount,StdCount,ZScore,ChiSquareApprox
0,-2030.4503684630927,3.0,428.524,21.27198683715273,-20.003961231152992,400.15846493747193
1,-2011.7347271482809,0.0,427.952,20.841345829864256,-20.533798704437473,421.636889234358
2,-1993.0190858334695,0.0,428.414,20.193033551202756,-21.215930677958113,450.1157145319242
3,-1974.3034445186577,0.0,429.852,21.161240417329044,-20.3131759539007,412.6251173341296
4,-1955.5878032038463,0.0,427.534,20.421577901817486,-20.93540479856604,438.291174079822
5,-1936.8721618890345,0.0,428.278,21.149957825017058,-20.249591206910814,410.04594404699975
6,-1918.1565205742231,0.0,428.752,19.842340990921404,-21.607934275303993,466.9028236458571
7,-1899.4408792594113,0.0,426.256,19.273465282610694,-22.116209708514926,489.1267318710099
8,-1880.7252379446,0.0,428.314,20.860666432307482,-20.532134071069677,421.5685295123803
9,-1862.0095966297881,0.0,428.136,20.569722992787238,-20.813892347997378,433.2181146740238
10,-1843.2939553149768,0.0,428.086,21.256401482847473,-20.13915668394942,405.5856319406646
11,-1824.5783140001652,0.0,426.566,20.34240998505339,-20.969295197246534,439.71134106926655
12,-1805.8626726853536,1.0,427.658,20.76461018174914,-20.547363820728357,422.19415998137663
13,-1787.1470313705422,0.0,427.718,20.228457084019045,-21.14437093365402,447.084422179953
14,-1768.4313900557304,0.0,429.73,20.059339470680477,-21.422938707832845,458.9423028795628
15,-1749.715748740919,0.0,428.658,20.0268079333677,-21.40420986840298,458.1402000906395
16,-1731.0001074261072,0.0,429.388,19.637042954579474,-21.866225021413634,478.1317966870957
17,-1712.2844661112958,0.0,428.96,19.959819638463667,-21.491176161400304,461.87065280034074
18,-1693.568824796484,1.0,427.862,21.560680787025245,-19.798168908324843,391.96749212256054
19,-1674.8531834816727,0.0,428.704,20.545568475951203,-20.866008185745866,435.3902976076135
20,-1656.1375421668608,0.0,427.382,19.39268099051805,-22.03831436246315,485.6872999387496
21,-1637.4219008520495,0.0,428.13,20.093011222810773,-21.307408593589074,454.0056609741535
22,-1618.7062595372377,0.0,427.804,21.199188286347194,-20.180206629681024,407.24073961662197
23,-1599.9906182224263,0.0,429.842,20.800986418917738,-20.66450077622638,427.02159233066067
24,-1581.2749769076145,0.0,427.754,22.08957862884669,-19.36451605470635,374.98448203298
25,-1562.559335592803,0.0,428.018,19.52961023676612,-21.916361607371986,480.32690610508877
26,-1543.8436942779913,0.0,429.436,20.596744985555354,-20.849702236987763,434.7100833710525
27,-1525.12805296318,0.0,426.972,19.649102167783646,-21.72984782480578,472.1862864892165
28,-1506.4124116483683,0.0,428.434,20.531187106448566,-20.867473360341386,435.4514444445574
29,-1487.6967703335567,0.0,429.214,21.499307058600753,-19.9640852995908,398.56470184933744
30,-1468.9811290187452,0.0,429.154,20.49063893586533,-20.943905231224388,438.6471663345083
31,-1450.2654877039336,0.0,427.922,21.906983270181215,-19.533588660857195,381.5610859715688
32,-1431.549846389122,2.0,426.618,21.293099257740753,-19.941578013620408,397.66653367330883
33,-1412.8342050743104,0.0,427.8,20.562879175835292,-20.80447958390643,432.8263707571795
34,-1394.1185637594988,0.0,428.758,20.83687682931394,-20.57688412290322,423.40816020738663
35,-1375.4029224446872,0.0,427.2,20.468316980152544,-20.87128123011979,435.6103801867507
36,-1356.6872811298756,0.0,429.78,22.024704311295537,-19.513542335257778,380.7783344698976
37,-1337.971639815064,0.0,428.146,20.36076334521867,-21.027993535445802,442.1765121267504
38,-1319.2559985002526,0.0,428.666,20.62499561212075,-20.78381048227155,431.9667781629808
39,-1300.5403571854408,0.0,427.508,20.577607635485716,-20.775398558128305,431.6171852490797
40,-1281.8247158706295,0.0,428.18,19.842469604361245,-21.578967161723096,465.65182376672374
41,-1263.1090745558176,0.0,427.894,21.054946307221957,-20.32273052404936,413.01337595312754
42,-1244.3934332410063,0.0,428.858,20.29014134992656,-21.136274637216967,446.74210553986126
43,-1225.6777919261945,1.0,428.24,20.376810349021753,-20.966971409267245,439.6138900770301
44,-1206.962150611383,0.0,427.804,19.962805013324154,-21.43005452963462,459.24723714311335
45,-1188.2465092965713,0.0,427.334,20.8220662759487,-20.523131294304253,421.19891812325056
46,-1169.53086798176,0.0,427.41,20.84758739039125,-20.501652876965288,420.31777068757907
47,-1150.815226666948,0.0,427.716,19.449507551606544,-21.991096631373082,483.60833105038853
48,-1132.0995853521367,1.0,427.24,20.25128144093602,-21.047556977722746,442.9996547304854
49,-1113.3839440373251,0.0,428.884,20.201350053894885,-21.230462263947047,450.73252794087955
50,-1094.6683027225135,0.0,429.194,20.09030522416222,-21.363239393885205,456.38799740044874
51,-1075.952661407702,0.0,429.196,21.122442661775647,-20.31943023221917,412.87924496202237
52,-1057.2370200928904,0.0,428.424,20.68951966576315,-20.707295622186557,428.79209198462655
53,-1038.5213787780788,0.0,425.712,21.595486935931785,-19.71300768827196,388.6026721178695
54,-1019.8057374632672,0.0,428.324,20.012671585772857,-21.402639730744315,458.0729874440351
55,-1001.0900961484557,0.0,428.794,20.534643021002328,-20.88149278083091,436.03674075589345
56,-982.3744548336441,0.0,428.234,20.71113816283403,-20.676507328238603,427.5179552947047
57,-963.6588135188325,4.0,428.928,20.667336935367402,-20.560365436963156,422.72862690146917
58,-944.9431722040209,2.0,429.02,21.005894410855248,-20.328579761846665,413.2511551337618
59,-926.2275308892093,0.0,429.378,19.892287852331116,-21.585149138573446,465.91866333445796
60,-907.5118895743977,0.0,426.982,21.129545096854304,-20.207817917649713,408.3559049928848
61,-888.7962482595862,0.0,428.058,20.477857212120586,-20.903456624682285,436.9544988599737
62,-870.0806069447746,0.0,428.124,20.65944394217811,-20.72291980356482,429.439405184979
63,-851.364965629963,0.0,427.432,19.58349754257395,-21.826131878168102,476.38003276318585
64,-832.6493243151514,0.0,427.414,20.404867164478194,-20.946669074330632,438.7629453095193
65,-813.9336830003398,0.0,427.54,20.321623950855898,-21.038672944343755,442.6257592590619
66,-795.2180416855282,0.0,429.8,21.572760602203896,-19.923273053708815,396.93680917263976
67,-776.5024003707166,0.0,427.624,21.877902641706765,-19.54593212170176,382.04346250617266
68,-757.786759055905,0.0,428.608,20.467494619518042,-20.940911819821583,438.52178784554326
69,-739.0711177410934,0.0,428.136,22.315768057586556,-19.185358034515385,368.077962912544
70,-720.3554764262818,0.0,428.436,20.68095510366965,-20.716451336620224,429.1713559825539
71,-701.6398351114702,1.0,427.362,20.64293961624652,-20.65413201443666,426.5931692697773
72,-682.9241937966586,0.0,429.886,21.966451784482633,-19.570115566123278,382.9894232714206
73,-664.208552481847,3.0,427.872,20.6771278469714,-20.547921507494642,422.2170782781609
74,-645.4929111670356,1.0,427.328,20.385397126374563,-20.913401753082265,437.3703728858244
75,-626.7772698522241,2.0,427.828,21.480838344906388,-19.823621087906645,392.975953036897
76,-608.0616285374125,0.0,427.902,20.26377052771769,-21.116603122538155,445.91092743478816
77,-589.3459872226009,0.0,427.292,20.089269175358275,-21.269663732920716,452.3985953115228
78,-570.6303459077893,3.0,428.042,21.32295092148364,-19.93354491904565,397.3462130396107
79,-551.9147045929777,0.0,429.1,19.75231631986485,-21.72403443987252,471.9336723447673
80,-533.1990632781661,1.0,428.678,21.258088248946578,-20.11836600693353,404.7486507889386
81,-514.4834219633545,0.0,429.704,19.49010990220425,-22.047284605173125,486.0827584615039
82,-495.76778064854295,0.0,427.374,21.279523584892587,-20.08381429664217,403.35959670200845
83,-477.05213933373136,1.0,427.106,21.535337564106104,-19.786362704163487,391.5001490607118
84,-458.33649801891977,2.0,428.024,20.9555583080003,-20.32988068074306,413.30404849324987
85,-439.6208567041082,0.0,427.54,21.490844562278145,-19.894052965719208,395.7733434028412
86,-420.9052153892966,0.0,428.174,20.67142288281095,-20.71332981901514,429.04203219130176
87,-402.189574074485,2.0,427.032,20.333592304361755,-20.90294688896789,436.9331886430124
88,-383.4739327596734,1.0,427.552,19.245136944173712,-22.164144699897015,491.24931027797294
89,-364.7582914448618,5.0,429.28,20.84988249367367,-20.3492753558077,414.09300750648254
90,-346.0426501300502,0.0,428.944,21.421131249306143,-20.024339284784226,400.97416379215286
91,-327.3270088152386,2.0,426.924,21.919174801985594,-19.385948779490885,375.81501008104414
92,-308.61136750042704,4.0,426.942,20.05728386397319,-21.086703606946834,444.6490690072246
93,-289.89572618561544,3.0,427.284,20.183739594039547,-21.021079766868134,441.8857945650328
94,-271.18008487080385,2.0,427.694,20.85301810290299,-20.414023423340257,416.73235232868467
95,-252.46444355599226,2.0,428.418,20.360532311312497,-20.94336206343084,438.6244145199541
96,-233.74880224118078,4.0,428.538,20.09279861044749,-21.128863541152324,446.4288745406359
97,-215.0331609263693,6.0,427.214,21.366707841874003,-19.71356575459482,388.6246747607337
98,-196.3175196115577,3.0,427.112,20.87322342140763,-20.318471729911618,412.84029343921765
99,-177.60187829674612,9.0,428.638,21.04202832428471,-19.942849307720664,397.71723851045454
100,-158.88623698193453,1.0,428.628,19.217117785974033,-22.25245246257023,495.1716405989479
101,-140.17059566712294,12.0,427.372,19.679878454909215,-21.106431167840064,445.4814366427705
102,-121.45495435231135,7.0,427.934,20.070815728315576,-20.97244106556931,439.843284248778
103,-102.73931303749976,8.0,431.142,19.825181865496205,-21.34366296716992,455.55194885614065
104,-84.02367172268816,30.0,427.28,20.430017131661927,-19.44589656678777,378.1428932862084
105,-65.30803040787657,56.0,428.616,20.587873712455117,-18.09880928959542,327.5668977011454
106,-46.59238909306498,94.0,428.774,20.651947220540745,-16.210287408977525,262.7734178816553
107,-27.87674777825339,307.0,425.772,20.44436391771579,-5.809522882591603,33.750556123355445
108,-9.161106463441797,23937.0,428.018,19.98093281105764,1176.5707948825043,1384318.835370448
109,9.55453485136968,103058.0,427.044,20.496976947833065,5007.126478270744,25071315.569399983
110,28.270176166181272,267.0,429.256,20.065454492734535,-8.086335650097084,65.38882424603102
111,46.985817480992864,220.0,428.032,20.29696962603039,-10.249411800528282,105.05044225680841
112,65.70145879580446,238.0,429.546,19.0841264929784,-10.036927813828697,100.73991994000811
113,84.41710011061605,69.0,427.606,21.02956880204631,-17.05246566753691,290.7865853425251
114,103.13274142542764,35.0,428.186,20.55897380707509,-19.12478724325678,365.75748709983725
115,121.84838274023923,20.0,427.736,20.972894506958262,-19.44109335336254,377.95611077415714
116,140.56402405505082,8.0,427.948,19.654243714780776,-21.366785010617445,456.53950168994635
117,159.2796653698624,6.0,426.868,21.38379236711766,-19.6816351737112,387.3667631110659
118,177.995306684674,3.0,428.924,21.51172294354872,-19.799622797193607,392.0250629111488
119,196.7109479994856,3.0,427.636,20.729869850049713,-20.484257888333133,419.6048212357382
120,215.4265893142972,3.0,428.808,19.466461825406295,-21.87392880221636,478.46876124443037
121,234.14223062910878,1.0,428.38,20.530455426025007,-20.816878687369037,433.34243828463923
122,252.85787194392037,2.0,428.722,20.265554914682202,-21.05651692226024,443.37690489743187
123,271.57351325873196,0.0,427.748,21.28098907475872,-20.100005619915002,404.0102259206147
124,290.28915457354356,1.0,427.762,20.89787922254313,-20.42130665295643,417.0297654140826
125,309.00479588835515,0.0,428.422,20.685935221787773,-20.710787083426524,428.93670161502695
126,327.72043720316674,0.0,427.472,19.068749723041606,-22.41741101061633,502.5403164189023
127,346.43607851797833,0.0,429.456,21.708709404292094,-19.782659208432307,391.3536053569715
128,365.1517198327897,2.0,428.154,20.493957255737612,-20.794129444214164,432.39581934273446
129,383.8673611476013,0.0,427.636,21.04850360476963,-20.316693672375692,412.7680417771505
130,402.5830024624129,0.0,427.94,20.38441561585713,-20.993488754571093,440.72657008830294
131,421.29864377722447,0.0,426.79,20.885638606468326,-20.434615768359713,417.57352160049544
132,440.01428509203606,0.0,427.714,20.457375295966017,-20.907569705891877,437.12647100672774
133,458.72992640684765,0.0,428.538,19.94383503742448,-21.487241505751083,461.70154752647204
134,477.44556772165924,0.0,427.23,20.344264548024334,-21.0000218484914,441.0009176371162
135,496.16120903647084,0.0,429.21,22.05887349798262,-19.45747592411068,378.5933693373467
136,514.8768503512824,0.0,429.472,21.86223263987465,-19.644471224621565,385.9052496949847
137,533.592491666094,0.0,428.64,21.020808738010054,-20.39122306578664,415.8019781186691
138,552.3081329809056,0.0,428.032,21.644652364960717,-19.775415783203634,391.0670693985794
139,571.0237742957172,0.0,427.872,21.8306119016394,-19.599633850293877,384.1456470655856
140,589.7394156105288,0.0,428.914,20.0717364470541,-21.369053003032583,456.63642624641585
141,608.4550569253404,0.0,428.572,21.41160470399167,-20.01587484566737,400.63524583741975
142,627.170698240152,0.0,428.454,20.54545896299227,-20.85395126834389,434.8872835024618
143,645.8863395549636,0.0,428.07,20.800411053630658,-20.579881757927158,423.531533170263
144,664.6019808697752,0.0,427.292,20.51084435122066,-20.832491958068545,433.9927211829906
145,683.3176221845868,0.0,430.166,20.82417931155991,-20.657044561713242,426.71349002460664
146,702.0332634993983,0.0,428.534,21.0927675756407,-20.3166321566497,412.76554218861264
147,720.7489048142099,0.0,429.194,20.738089690229423,-20.695927465402523,428.3214136532025
148,739.4645461290215,0.0,429.352,21.164500844574626,-20.286422210144465,411.53892608824265
149,758.1801874438329,0.0,429.562,20.62896400694907,-20.823246376080633,433.6075896389552
150,776.8958287586445,0.0,427.45,20.182356155810965,-21.179390389309294,448.5665772627669
151,795.6114700734561,0.0,429.188,20.588167864091247,-20.846342561086562,434.56999817416903
152,814.3271113882677,0.0,429.132,20.825815134106996,-20.605772078385495,424.5978429463713
153,833.0427527030793,1.0,426.236,21.42018449967227,-19.852116586881223,394.1065329791246
154,851.7583940178909,0.0,427.692,20.598571212586574,-20.7631876786999,431.10996258091535
155,870.4740353327024,0.0,428.774,19.702155313569143,-21.762796667463967,473.6193187893807
156,889.189676647514,0.0,429.232,21.048472058560446,-20.39254910312745,415.85605892346416
157,907.9053179623256,0.0,430.466,20.23286544214634,-21.275582602517193,452.6504150765323
158,926.6209592771372,0.0,428.64,20.023546139482903,-21.40679762785861,458.250984680093
159,945.3366005919488,0.0,429.048,20.77945369830497,-20.647703555122746,426.3276621002285
160,964.0522419067604,0.0,427.628,20.078685614352345,-21.297609226688092,453.58815877270973
161,982.767883221572,0.0,427.464,20.435280864230858,-20.917941027579257,437.5602568332835
162,1001.4835245363836,0.0,428.786,19.79242794606059,-21.66414353855682,469.3351152591933
163,1020.1991658511952,0.0,427.196,21.2659724442594,-20.08824196117674,403.537465090782
164,1038.9148071660068,0.0,427.604,20.524794371686163,-20.833533932494703,434.0361361164082
165,1057.6304484808184,0.0,428.336,19.300339478879636,-22.193184760751393,492.53744982484784
166,1076.34608979563,0.0,426.972,19.99968039744635,-21.3489411588056,455.77728860214387
167,1095.0617311104415,0.0,427.908,21.296843334165743,-20.09255518697097,403.71077394147403
168,1113.7773724252531,0.0,428.81,19.396955946745862,-22.107077068035487,488.7228564920605
169,1132.4930137400647,0.0,430.794,20.323768449773283,-21.19656111338966,449.29420303366265
170,1151.208655054876,0.0,427.268,20.340014159287104,-21.006278395578818,441.2637320325614
171,1169.9242963696877,0.0,427.544,20.420873242836603,-20.936616907407586,438.3419275275452
172,1188.6399376844993,0.0,428.472,20.660426326675843,-20.73877824325317,430.096923022831
173,1207.3555789993109,0.0,427.786,20.197628672693245,-21.180011125680185,448.5928712839364
174,1226.0712203141225,0.0,428.882,20.08910341453793,-21.348986619762726,455.77922969080794
175,1244.786861628934,0.0,429.282,20.354618050948545,-21.09015256024394,444.794535014364
176,1263.5025029437456,0.0,428.006,19.55111157965194,-21.89164530396586,479.2441341146505
177,1282.2181442585572,0.0,426.878,19.79694713838474,-21.562819611328695,464.95518959070137
178,1300.9337855733688,0.0,428.342,19.7249343725144,-21.71576299877939,471.57436261915603
179,1319.6494268881804,0.0,428.852,20.541715994531717,-20.877126337164917,435.854404097945
180,1338.365068202992,0.0,429.168,22.11116858060651,-19.409557592375243,376.73092593173146
181,1357.0807095178036,0.0,427.762,19.93352342161314,-21.459427465602715,460.5070271514642
182,1375.7963508326152,0.0,429.918,20.165695524826315,-21.319274580473607,454.51146863762807
183,1394.5119921474268,0.0,428.396,20.254065863426042,-21.15111123310702,447.36950639526594
184,1413.2276334622384,0.0,427.732,22.127814532845317,-19.330060786848065,373.65125002324123
185,1431.94327477705,0.0,427.586,20.251385236570858,-21.113913690597624,445.7973513340058
186,1450.6589160918616,0.0,427.404,20.76758974941484,-20.58033720605651,423.5502795149938
187,1469.3745574066731,0.0,428.65,20.513300563293065,-20.896198477539755,436.65111081273477
188,1488.0901987214847,0.0,428.686,20.13224786257113,-21.2934990134406,453.41310023539575
189,1506.8058400362963,0.0,427.292,21.28104170382644,-20.07852838910469,403.147302272083
190,1525.521481351108,0.0,427.314,19.504753369371265,-21.908198063709968,479.9691423987452
191,1544.2371226659195,0.0,427.516,20.131610566469828,-21.23605553507222,450.97005468867155
192,1562.952763980731,0.0,428.922,20.299850147230156,-21.129318536300868,446.44810180846747
193,1581.6684052955425,0.0,428.45,20.254567386147762,-21.153253576426415,447.4601368685969
194,1600.384046610354,0.0,427.902,21.55468385293554,-19.85192651952183,394.09898653649407
195,1619.0996879251657,0.0,427.522,21.21173062246455,-20.154979695396822,406.2232065218582
196,1637.8153292399772,0.0,429.004,21.677730139477244,-19.790079368999166,391.64724143128643
197,1656.5309705547888,0.0,428.102,20.650510792714062,-20.730818927299534,429.7668533964806
198,1675.2466118696004,0.0,428.612,19.80417774107272,-21.642504203094656,468.3979881809699
199,1693.962253184412,0.0,429.902,19.881659789866642,-21.623043777215926,467.5560221913964
200,1712.6778944992236,0.0,426.272,20.727035871054998,-20.565989399153914,422.95991996611116
201,1731.3935358140352,0.0,429.678,19.75455177927357,-21.750835189832916,473.0988314552739
202,1750.1091771288468,0.0,428.114,20.957027556406935,-20.42818328351713,417.3106722649687
203,1768.8248184436584,0.0,429.832,21.975526751365944,-19.55957665375565,382.577038874143
204,1787.54045975847,0.0,428.154,21.0642418330212,-20.326105415710128,413.1505613705606
205,1806.2561010732816,0.0,428.078,21.17035464983995,-20.22063432948849,408.87405268688843
206,1824.9717423880932,0.0,428.728,20.24840773986932,-21.173417955024195,448.31362789814096
207,1843.6873837029048,0.0,427.65,21.201025918572896,-20.171193679139957,406.8770544413758
208,1862.4030250177163,0.0,428.96,20.10408913629264,-21.336952750852344,455.2655526921054
209,1881.118666332528,0.0,428.34,20.16125988126734,-21.24569607864578,451.3796018661846
210,1899.8343076473395,0.0,428.824,20.843248883031656,-20.573759993294647,423.27960026169137
211,1918.5499489621511,0.0,427.292,20.981104260739002,-20.365562969894405,414.75615508073423
212,1937.2655902769627,0.0,429.072,20.963559239785642,-20.467516755727562,418.9192421459885
213,1955.9812315917743,0.0,429.83,21.62797031623634,-19.873802012633714,394.96800643736384
214,1974.6968729065857,0.0,427.546,20.949651166546897,-20.408263440811833,416.49721666957686
215,1993.4125142213973,0.0,427.608,20.196592187792465,-21.172284711401037,448.26563990062607
216,2012.1281555362089,0.0,429.188,21.429247676948442,-20.02814128009169,401.12644313531274
217,2030.8437968510204,0.0,429.244,21.025424228775986,-20.4154739200232,416.79157537914745
218,2049.559438165832,0.0,428.464,20.258348994920574,-21.149995989674668,447.32233036325454
219,2068.2750794806434,0.0,428.87,20.747363687948404,-20.671060017573186,427.2927222501128
220,2086.990720795455,0.0,426.786,20.307934508462445,-21.01572662754824,441.6607656838401
221,2105.706362110267,0.0,427.052,20.887251997330807,-20.445580876535278,418.02177737894505
222,2124.4220034250784,0.0,426.432,20.53984849019097,-20.761204748109378,431.0276225929194
223,2143.1376447398898,0.0,428.152,20.88101759972441,-20.50436469176918,420.4289714130706
224,2161.8532860547016,0.0,426.82,19.900040200964423,-21.448197877475387,460.02519219133967
225,2180.5689273695134,0.0,427.05,21.882584399471668,-19.515519383090357,380.8554967917754
226,2199.2845686843248,0.0,430.222,20.687598120613217,-20.796130971401887,432.4790633797008
227,2218.000209999136,0.0,429.188,20.48376566942709,-20.95259274717157,439.0111428288266
228,2236.715851313948,0.0,426.35,20.412140995005892,-20.887078925445024,436.27006603776965
229,2255.4314926287598,0.0,428.12,20.79455698013304,-20.58807987152708,423.86903279637846
230,2274.147133943571,0.0,427.94,20.830948130125996,-20.543472017056555,422.03424251558573
231,2292.8627752583825,0.0,428.922,19.26935172754911,-22.259285421977975,495.47578749708117
232,2311.5784165731943,0.0,428.006,19.990947051102907,-21.40999117780099,458.38772223351623
233,2330.294057888006,0.0,425.85,20.200779687922925,-21.08086948023077,444.4030580425252
234,2349.0096992028175,0.0,428.544,20.897656902150544,-20.506796623496065,420.52870775742963
235,2367.725340517629,0.0,427.594,20.744183859578563,-20.6127174197099,424.8841194248119
236,2386.4409818324402,0.0,428.884,21.06196913871062,-20.36295833383106,414.6500721053398
237,2405.156623147252,0.0,428.302,21.31456769441969,-20.09433201463113,403.7821791142296
238,2423.872264462064,0.0,428.012,21.160809436314103,-20.226636475705313,409.11682312033264
239,2442.5879057768752,0.0,427.242,19.959645187227153,-21.405290324169016,458.1864538619637
240,2461.3035470916866,0.0,428.004,19.993198443470725,-21.40748020933966,458.28020891326923
241,2480.0191884064984,0.0,429.064,21.41765402652681,-20.03319315311487,401.32882791000844
242,2498.7348297213102,0.0,428.976,21.359668162216387,-20.08345807351191,403.3452881905107
243,2517.4504710361216,0.0,428.616,20.146775027284157,-21.27467048297003,452.61160415895625
244,2536.166112350933,0.0,427.14,20.185945605792163,-21.160267066083655,447.7569023079846
245,2554.881753665745,0.0,426.896,22.235313894793574,-19.19900937849851,368.6019611156737
246,2573.5973949805566,0.0,428.732,20.234924660101907,-21.187724056386028,448.9196506895592
247,2592.313036295368,0.0,428.968,19.46594400485115,-22.03684547192245,485.622558353389
248,2611.0286776101793,0.0,427.808,20.672763143808343,-20.694282473222835,428.2533270815378
249,2629.744318924991,0.0,427.498,20.02153830253809,-21.351905809645352,455.90388170396693
250,2648.459960239803,0.0,427.356,19.886308455819563,-21.4899613444816,461.8184385873134
251,2667.1756015546143,0.0,428.028,20.747993059570845,-20.629850741277114,425.59074160737185
252,2685.8912428694257,0.0,428.912,21.649301512981886,-19.81181701140821,392.5080932935237
253,2704.6068841842375,0.0,427.988,21.078136919566685,-20.3048306229903,412.2861466283246
254,2723.3225254990493,0.0,427.224,20.34959026614541,-20.994231058831247,440.75773775159456
255,2742.0381668138607,0.0,428.082,21.584144087732547,-19.833170046492715,393.3546340930958
256,2760.753808128672,0.0,428.89,21.764418209545596,-19.706017219054093,388.3271146376564
257,2779.4694494434834,0.0,427.828,21.317185930605383,-20.069628392449367,402.7899838110098
258,2798.1850907582952,0.0,428.984,22.49310436556056,-19.071800540650234,363.7335758623465
259,2816.900732073107,0.0,428.066,21.35925195319349,-20.04124493395465,401.651498502763
260,2835.6163733879184,0.0,428.352,19.8221112901729,-21.609807034650327,466.9837600748228
261,2854.33201470273,0.0,428.182,20.50426482466513,-20.882582412071095,436.082248196941
262,2873.0476560175416,0.0,427.218,20.713437088035384,-20.62516221640358,425.3973164529619
263,2891.7632973323534,0.0,429.326,20.650513891910762,-20.79008794876412,432.22775691734716
264,2910.478938647165,0.0,428.528,21.466560413815724,-19.962583280188774,398.5047312184724
265,2929.194579961976,0.0,428.202,20.575451295172112,-20.811305368571656,433.1104311439394
266,2947.910221276788,0.0,429.956,20.975463379863623,-20.498045369179135,420.1698639569262
267,2966.6258625916,0.0,428.86,21.78945616576972,-19.681996500386287,387.38098624121807
268,2985.341503906411,0.0,426.98,21.358642278946483,-19.990971075014457,399.63892452206466
269,3004.0571452212225,0.0,427.294,20.944583166059907,-20.40116991644969,416.2077339598518
270,3022.7727865360343,0.0,427.482,21.065746509440395,-20.292753442581702,411.7958422814115
271,3041.488427850846,0.0,430.184,21.674366057626692,-19.847593182483347,393.92695513735947
272,3060.2040691656575,0.0,429.66,20.318375919349442,-21.14637516824509,447.1691827561726
273,3078.919710480469,0.0,427.98,21.895195820088027,-19.546753704177622,382.0755803717816
274,3097.6353517952807,0.0,427.144,20.002081491684823,-21.35497748959629,456.0350635811643
275,3116.3509931100925,0.0,428.93,21.81680774082221,-19.660529858243823,386.53643430689687
276,3135.066634424904,0.0,428.268,21.000766081264757,-20.392970348927758,415.8732396522467
277,3153.7822757397153,0.0,427.936,19.646473067703518,-21.781823054208964,474.44781556486913
278,3172.4979170545266,0.0,428.498,21.20570668475823,-20.206730498068538,408.3119574215732
279,3191.2135583693384,0.0,426.558,20.08637936513199,-21.23618160575337,450.97540919253777
280,3209.9291996841503,0.0,427.088,20.41019980303965,-20.925223864608846,437.86499378399554
281,3228.6448409989616,0.0,427.586,19.909560617954376,-21.476415688169652,461.23643081105956
282,3247.360482313773,0.0,428.484,20.594701842949792,-20.805545196406104,432.8707109196971
283,3266.076123628585,0.0,429.174,20.79595451043304,-20.637379245308953,425.90142211470874
284,3284.7917649433966,0.0,429.32,21.26446801591801,-20.189548108075055,407.617852808277
285,3303.507406258208,0.0,430.236,20.107021261241034,-21.397301689302797,457.8445195830403
286,3322.2230475730194,0.0,428.062,20.468076509530643,-20.91364080062333,437.38037153749684
287,3340.938688887831,0.0,428.172,20.68319162992018,-20.701447226384975,428.54991726680214
288,3359.654330202643,0.0,427.798,20.625838067821633,-20.740878435742577,430.18403828625145
289,3378.3699715174544,0.0,427.048,19.606572775475065,-21.780859148120683,474.40582523027246
290,3397.0856128322657,0.0,429.138,20.43690181999219,-20.998192572427985,440.9240913087698
291,3415.8012541470775,0.0,427.826,20.6330735470991,-20.734962196659744,429.9386572969087
292,3434.5168954618894,0.0,426.79,18.57648782735854,-22.974741187160504,527.8387326170092
293,3453.2325367767007,0.0,428.804,20.35233608213072,-21.069031008017227,443.9040676167914
294,3471.948178091512,0.0,426.844,20.52402650553736,-20.797283607329096,432.5270054436795
295,3490.663819406324,0.0,428.608,21.103040918313166,-20.310248255646183,412.5061842059788
296,3509.3794607211357,0.0,428.962,21.264537521422845,-20.172646574976977,406.9356698389303
297,3528.095102035947,0.0,428.282,20.81563056935822,-20.575019266072832,423.33141779926825
298,3546.8107433507585,0.0,429.774,20.997688539455986,-20.46768143990837,418.9259835255696
299,3565.5263846655707,2.0,428.678,21.010623884121117,-20.307726336601743,412.40374896230804
